study_kind,inferential_use,hypothesis_role,left_method,right_method,metric,unit,support_definition,eligible_common_cells,left_estimate,right_estimate,paired_effect_left_minus_right,ci_level,ci_lower,ci_upper,ci_resampling_unit,paired_streams,positive_stream_differences,negative_stream_differences,tied_stream_differences,descriptive_exact_sign_p,sign_dominance,paired_standardized_mean_difference_dz,primary_studentized_permutation_p,primary_holm_adjusted_p,primary_permutation_repetitions,scene_sensitivity_ci_lower,scene_sensitivity_ci_upper,scene_sensitivity_resampling_unit
confirmatory,False,secondary_exploratory_descriptive,guarded_gng,gng,clear_success,proportion,all_fixed_catalog_cells,3600,0.7811111111111111,0.7494444444444445,0.03166666666666667,0.95,0.010555555555555556,0.05277777777777778,paired_roadmap_stream_cluster,60,38,14,8,0.001195120320007348,0.46153846153846156,0.3749004531107454,,,,,,
confirmatory,True,primary_confirmatory,guarded_gng,gng,dynamic_success,proportion,all_fixed_catalog_cells,3600,0.7744444444444445,0.7377777777777778,0.03666666666666667,0.95,0.015548611111111402,0.0575,paired_whole_roadmap_stream,60,40,14,6,0.0005354355028570623,0.48148148148148145,0.4381326332927161,0.0015999840001599984,0.0031999680003199967,100000,-0.02722222222222222,0.10333333333333333,paired_roadmap_stream_x_base_trajectory_with_point_segment_together
confirmatory,False,secondary_exploratory_descriptive,guarded_gng,gng,conditional_retention,proportion,method_specific_clear_success_denominators,,0.9911095305832148,0.9840622683469237,0.007047262236291152,0.95,,,,0,0,0,0,,,,,,,,,
confirmatory,False,secondary_exploratory_descriptive,guarded_gng,gng,path_change_joint_success,proportion,common_four_way_clear_dynamic_joint_success_cells,2206,0.3168631006346328,0.3676337262012693,-0.050770625566636446,0.95,-0.0823695382148912,-0.018124113584185496,paired_roadmap_stream_cluster,60,17,37,6,0.009073340339587177,-0.37037037037037035,-0.403649554064627,,,,,,
confirmatory,False,secondary_exploratory_descriptive,guarded_gng,gng,build_time_ms,ms,all_paired_roadmap_streams,60,1599.7489450666667,1736.9112597333333,-137.16231466666665,0.95,-153.29530599999998,-121.72896321333336,paired_roadmap_stream_cluster,60,1,59,0,1.0581813203458523e-16,-0.9666666666666667,-2.1811746410517707,,,,,,
confirmatory,False,secondary_exploratory_descriptive,guarded_gng,gng,planning_time_clear_ms,ms,common_clear_exact_success_cells,2258,6.030880368467671,5.095730139946857,0.935150228520815,0.95,0.8443623870851696,1.0258145873508533,paired_roadmap_stream_cluster,60,59,1,0,1.0581813203458523e-16,0.9666666666666667,2.561181822887937,,,,,,
confirmatory,False,secondary_exploratory_descriptive,guarded_gng,gng,planning_time_dynamic_ms,ms,common_dynamic_exact_success_cells,2208,14.424714869565216,14.178883188405791,0.24583168115942036,0.95,0.09878298507409078,0.39413172426028736,paired_roadmap_stream_cluster,60,42,18,0,0.002670436282807066,0.4,0.4085137985662115,,,,,,
confirmatory,False,secondary_exploratory_descriptive,guarded_gng,gng,query_latency_clear_ms,ms,all_clear_query_outcomes,3600,7.369784595317065,6.709282879738668,0.6605017155783975,0.95,0.4911838655316388,0.8236902657808969,paired_roadmap_stream_cluster,60,50,10,0,1.6163814566157175e-07,0.6666666666666666,0.998574894501934,,,,,,
confirmatory,False,secondary_exploratory_descriptive,guarded_gng,gng,query_latency_dynamic_ms,ms,all_dynamic_query_outcomes,3600,16.108024062503116,16.067835413074743,0.04018864942837455,0.95,-0.19353732610195742,0.27401032092327826,paired_roadmap_stream_cluster,60,32,28,0,0.6988834276200057,0.06666666666666667,0.04320738844768701,,,,,,
confirmatory,False,secondary_exploratory_descriptive,guarded_gng,gng,path_cost_clear,joint-space cost,common_clear_exact_success_cells,2258,14.485677859497951,11.403585654021684,3.082092205476272,0.95,2.869058663741094,3.2973569600000903,paired_roadmap_stream_cluster,60,60,0,0,1.734723475976807e-18,1.0,3.5736195327561493,,,,,,
confirmatory,False,secondary_exploratory_descriptive,guarded_gng,gng,path_cost_dynamic,joint-space cost,common_dynamic_exact_success_cells,2208,15.103306982908519,12.046509294532294,3.0567976883762245,0.95,2.8292355943170957,3.2904383068405796,paired_roadmap_stream_cluster,60,60,0,0,1.734723475976807e-18,1.0,3.319259910807446,,,,,,
confirmatory,False,secondary_exploratory_descriptive,gng,halton_prm,clear_success,proportion,all_fixed_catalog_cells,3600,0.7494444444444445,0.8088888888888889,-0.059444444444444446,0.95,-0.07777777777777778,-0.04111111111111111,paired_roadmap_stream_cluster,60,11,40,9,5.703811637403078e-05,-0.5686274509803921,-0.8212832769011315,,,,,,
confirmatory,False,secondary_exploratory_descriptive,gng,halton_prm,dynamic_success,proportion,all_fixed_catalog_cells,3600,0.7377777777777778,0.805,-0.06722222222222222,0.95,-0.085,-0.04972222222222222,paired_roadmap_stream_cluster,60,9,46,5,4.336383137015787e-07,-0.6727272727272727,-0.9570250245408359,,,,,,
confirmatory,False,secondary_exploratory_descriptive,gng,halton_prm,conditional_retention,proportion,method_specific_clear_success_denominators,,0.9840622683469237,0.9948489010989011,-0.010786632751977443,0.95,,,,0,0,0,0,,,,,,,,,
confirmatory,False,secondary_exploratory_descriptive,gng,halton_prm,path_change_joint_success,proportion,common_four_way_clear_dynamic_joint_success_cells,2241,0.3819723337795627,0.2565818830879072,0.1253904506916555,0.95,0.09397163120567376,0.15645962005723166,paired_roadmap_stream_cluster,60,49,6,5,1.822834494458192e-09,0.7818181818181819,1.0390017153632047,,,,,,
confirmatory,False,secondary_exploratory_descriptive,gng,halton_prm,build_time_ms,ms,all_paired_roadmap_streams,60,1736.9112597333333,1399.693526933334,337.2177328,0.95,320.6476201199999,354.82194154666655,paired_roadmap_stream_cluster,60,60,0,0,1.734723475976807e-18,1.0,4.970289007263184,,,,,,
confirmatory,False,secondary_exploratory_descriptive,gng,halton_prm,planning_time_clear_ms,ms,common_clear_exact_success_cells,2294,5.086554224934611,6.529416941586748,-1.442862716652136,0.95,-1.5622210025004344,-1.3246546163954482,paired_roadmap_stream_cluster,60,0,60,0,1.734723475976807e-18,-1.0,-3.1632094131354394,,,,,,
confirmatory,False,secondary_exploratory_descriptive,gng,halton_prm,planning_time_dynamic_ms,ms,common_dynamic_exact_success_cells,2243,14.085809633526525,14.14081030049041,-0.05500066696388766,0.95,-0.23188179955148044,0.11947517651272664,paired_roadmap_stream_cluster,60,34,26,0,0.36629400670329104,0.13333333333333333,-0.09161701934047121,,,,,,
confirmatory,False,secondary_exploratory_descriptive,gng,halton_prm,query_latency_clear_ms,ms,all_clear_query_outcomes,3600,6.709282879738668,7.985990453461353,-1.2767075737226858,0.95,-1.4843581919578557,-1.0742934662984125,paired_roadmap_stream_cluster,60,5,55,0,1.0382663478969434e-11,-0.8333333333333334,-1.5572179230536531,,,,,,
confirmatory,False,secondary_exploratory_descriptive,gng,halton_prm,query_latency_dynamic_ms,ms,all_dynamic_query_outcomes,3600,16.067835413074743,16.100812577909284,-0.03297716483454375,0.95,-0.2637944907395043,0.1974601408914575,paired_roadmap_stream_cluster,60,28,32,0,0.6988834276200057,-0.06666666666666667,-0.03584942758785634,,,,,,
confirmatory,False,secondary_exploratory_descriptive,gng,halton_prm,path_cost_clear,joint-space cost,common_clear_exact_success_cells,2294,11.369443379882833,15.267870178049726,-3.898426798166888,0.95,-4.135974508301612,-3.6629437258793494,paired_roadmap_stream_cluster,60,0,60,0,1.734723475976807e-18,-1.0,-4.2003303814731945,,,,,,
confirmatory,False,secondary_exploratory_descriptive,gng,halton_prm,path_cost_dynamic,joint-space cost,common_dynamic_exact_success_cells,2243,12.014109355339963,15.828474718679225,-3.814365363339264,0.95,-4.0652244392930745,-3.5609515383491974,paired_roadmap_stream_cluster,60,0,60,0,1.734723475976807e-18,-1.0,-3.865068543210282,,,,,,
confirmatory,False,secondary_exploratory_descriptive,guarded_gng,halton_prm,clear_success,proportion,all_fixed_catalog_cells,3600,0.7811111111111111,0.8088888888888889,-0.027777777777777776,0.95,-0.05,-0.005555555555555556,paired_roadmap_stream_cluster,60,19,31,10,0.11892045255943628,-0.24,-0.311470614503241,,,,,,
confirmatory,True,primary_confirmatory,guarded_gng,halton_prm,dynamic_success,proportion,all_fixed_catalog_cells,3600,0.7744444444444445,0.805,-0.030555555555555555,0.95,-0.0525,-0.008611111111111113,paired_whole_roadmap_stream,60,20,34,6,0.07590472948910143,-0.25925925925925924,-0.34962090675449153,0.00877991220087799,0.00877991220087799,100000,-0.06805555555555555,0.006111111111111111,paired_roadmap_stream_x_base_trajectory_with_point_segment_together
confirmatory,False,secondary_exploratory_descriptive,guarded_gng,halton_prm,conditional_retention,proportion,method_specific_clear_success_denominators,,0.9911095305832148,0.9948489010989011,-0.003739370515686291,0.95,,,,0,0,0,0,,,,,,,,,
confirmatory,False,secondary_exploratory_descriptive,guarded_gng,halton_prm,path_change_joint_success,proportion,common_four_way_clear_dynamic_joint_success_cells,2397,0.32957863996662495,0.2661660408844389,0.06341259908218606,0.95,0.032679461262655266,0.09426759356794014,paired_roadmap_stream_cluster,60,41,13,6,0.00017512673440589488,0.5185185185185185,0.5428296541777583,,,,,,
confirmatory,False,secondary_exploratory_descriptive,guarded_gng,halton_prm,build_time_ms,ms,all_paired_roadmap_streams,60,1599.7489450666667,1399.693526933334,200.0554181333333,0.95,189.13212985333325,211.44672508000008,paired_roadmap_stream_cluster,60,60,0,0,1.734723475976807e-18,1.0,4.4958562693701225,,,,,,
confirmatory,False,secondary_exploratory_descriptive,guarded_gng,halton_prm,planning_time_clear_ms,ms,common_clear_exact_success_cells,2430,5.948774887242796,6.499250870781893,-0.5504759835390945,0.95,-0.6982013127968676,-0.40561726699186973,paired_roadmap_stream_cluster,60,8,52,0,5.205691473372798e-09,-0.7333333333333333,-0.9570445222492981,,,,,,
confirmatory,False,secondary_exploratory_descriptive,guarded_gng,halton_prm,planning_time_dynamic_ms,ms,common_dynamic_exact_success_cells,2398,14.685737327773145,14.512670652210176,0.17306667556296915,0.95,-0.038064812047947545,0.37906339147072915,paired_roadmap_stream_cluster,60,36,24,0,0.1550019040032606,0.2,0.21396485819945218,,,,,,
confirmatory,False,secondary_exploratory_descriptive,guarded_gng,halton_prm,query_latency_clear_ms,ms,all_clear_query_outcomes,3600,7.369784595317065,7.985990453461353,-0.6162058581442883,0.95,-0.8241929581312838,-0.4050903541754248,paired_roadmap_stream_cluster,60,13,47,0,1.2146708022957309e-05,-0.5666666666666667,-0.7365277133810377,,,,,,
confirmatory,False,secondary_exploratory_descriptive,guarded_gng,halton_prm,query_latency_dynamic_ms,ms,all_dynamic_query_outcomes,3600,16.108024062503116,16.100812577909284,0.007211484593830796,0.95,-0.23947909126582084,0.2606045854350264,paired_roadmap_stream_cluster,60,29,31,0,0.8974218269914305,-0.03333333333333333,0.0072770622454399175,,,,,,
confirmatory,False,secondary_exploratory_descriptive,guarded_gng,halton_prm,path_cost_clear,joint-space cost,common_clear_exact_success_cells,2430,14.192088586649339,15.031989708769727,-0.839901122120378,0.95,-1.0984845617889862,-0.5779316608371019,paired_roadmap_stream_cluster,60,11,49,0,7.561280982396751e-07,-0.6333333333333333,-0.8254577758629504,,,,,,
confirmatory,False,secondary_exploratory_descriptive,guarded_gng,halton_prm,path_cost_dynamic,joint-space cost,common_dynamic_exact_success_cells,2398,14.806186328640047,15.556816190402445,-0.7506298617624052,0.95,-1.0196719803963388,-0.47426881431534,paired_roadmap_stream_cluster,60,12,48,0,3.183628737933597e-06,-0.6,-0.7088445965602398,,,,,,
