run_index,stream_ordinal,roadmap_stream_id,method,method_order_position,ros_domain_id,reported_method,graph_revision,requested_node_count,anchor_node_count,prototype_budget,prototype_node_count,requested_guard_node_count,guard_node_count,fill_sample_node_count,candidate_attempts,halton_start_index,sample_stream_seed,sample_stream_type,gng_training_sample_count,effective_guard_fraction,nodes,edges,components,build_time_ms,joint_names,catalog_id,catalog_sha256,rmw_implementation,ros_localhost_only,launch_log,infrastructure_error
0,0,9000,gng,0,20,gng,1,800,2,798,798,0,0,0,4143,17,9000,digit_permuted_halton,4000,0.0,800,4541,2,1714.628096,"[""joint1"",""joint2"",""joint3"",""joint4"",""joint5"",""joint6""]",om6dof_scene_catalog_smoke_v1_20260824,4a180640428d0a8197538f4136aa3e379587061482bcd956daf354c7348ed6a1,rmw_fastrtps_cpp,True,/home/kublab/ros2_ws/reachability_multiscene_smoke_v1_20260824/logs/run_0000_stream_9000_gng_domain_20.log,
1,0,9000,guarded_gng,1,21,guarded_gng,1,800,2,199,199,599,599,0,4143,17,9000,digit_permuted_halton,4000,0.75,800,3626,15,1572.0024,"[""joint1"",""joint2"",""joint3"",""joint4"",""joint5"",""joint6""]",om6dof_scene_catalog_smoke_v1_20260824,4a180640428d0a8197538f4136aa3e379587061482bcd956daf354c7348ed6a1,rmw_fastrtps_cpp,True,/home/kublab/ros2_ws/reachability_multiscene_smoke_v1_20260824/logs/run_0001_stream_9000_guarded_gng_domain_21.log,
2,0,9000,halton_prm,2,22,halton_prm,1,800,2,0,0,0,0,798,827,17,9000,digit_permuted_halton,0,0.0,800,3280,9,1559.023392,"[""joint1"",""joint2"",""joint3"",""joint4"",""joint5"",""joint6""]",om6dof_scene_catalog_smoke_v1_20260824,4a180640428d0a8197538f4136aa3e379587061482bcd956daf354c7348ed6a1,rmw_fastrtps_cpp,True,/home/kublab/ros2_ws/reachability_multiscene_smoke_v1_20260824/logs/run_0002_stream_9000_halton_prm_domain_22.log,
3,1,9001,gng,0,23,gng,1,800,2,798,798,0,0,0,4136,17,9001,digit_permuted_halton,4000,0.0,800,4480,1,1675.20736,"[""joint1"",""joint2"",""joint3"",""joint4"",""joint5"",""joint6""]",om6dof_scene_catalog_smoke_v1_20260824,4a180640428d0a8197538f4136aa3e379587061482bcd956daf354c7348ed6a1,rmw_fastrtps_cpp,True,/home/kublab/ros2_ws/reachability_multiscene_smoke_v1_20260824/logs/run_0003_stream_9001_gng_domain_23.log,
4,1,9001,halton_prm,1,24,halton_prm,1,800,2,0,0,0,0,798,822,17,9001,digit_permuted_halton,0,0.0,800,3226,14,1365.745664,"[""joint1"",""joint2"",""joint3"",""joint4"",""joint5"",""joint6""]",om6dof_scene_catalog_smoke_v1_20260824,4a180640428d0a8197538f4136aa3e379587061482bcd956daf354c7348ed6a1,rmw_fastrtps_cpp,True,/home/kublab/ros2_ws/reachability_multiscene_smoke_v1_20260824/logs/run_0004_stream_9001_halton_prm_domain_24.log,
5,1,9001,guarded_gng,2,25,guarded_gng,1,800,2,199,199,599,599,0,4136,17,9001,digit_permuted_halton,4000,0.75,800,3527,18,1593.618432,"[""joint1"",""joint2"",""joint3"",""joint4"",""joint5"",""joint6""]",om6dof_scene_catalog_smoke_v1_20260824,4a180640428d0a8197538f4136aa3e379587061482bcd956daf354c7348ed6a1,rmw_fastrtps_cpp,True,/home/kublab/ros2_ws/reachability_multiscene_smoke_v1_20260824/logs/run_0005_stream_9001_guarded_gng_domain_25.log,
6,2,9002,guarded_gng,0,26,guarded_gng,1,800,2,199,199,599,599,0,4141,17,9002,digit_permuted_halton,4000,0.75,800,3601,14,1568.477632,"[""joint1"",""joint2"",""joint3"",""joint4"",""joint5"",""joint6""]",om6dof_scene_catalog_smoke_v1_20260824,4a180640428d0a8197538f4136aa3e379587061482bcd956daf354c7348ed6a1,rmw_fastrtps_cpp,True,/home/kublab/ros2_ws/reachability_multiscene_smoke_v1_20260824/logs/run_0006_stream_9002_guarded_gng_domain_26.log,
7,2,9002,gng,1,27,gng,1,800,2,798,798,0,0,0,4141,17,9002,digit_permuted_halton,4000,0.0,800,4546,2,1708.8224,"[""joint1"",""joint2"",""joint3"",""joint4"",""joint5"",""joint6""]",om6dof_scene_catalog_smoke_v1_20260824,4a180640428d0a8197538f4136aa3e379587061482bcd956daf354c7348ed6a1,rmw_fastrtps_cpp,True,/home/kublab/ros2_ws/reachability_multiscene_smoke_v1_20260824/logs/run_0007_stream_9002_gng_domain_27.log,
8,2,9002,halton_prm,2,28,halton_prm,1,800,2,0,0,0,0,798,827,17,9002,digit_permuted_halton,0,0.0,800,3222,8,1390.639168,"[""joint1"",""joint2"",""joint3"",""joint4"",""joint5"",""joint6""]",om6dof_scene_catalog_smoke_v1_20260824,4a180640428d0a8197538f4136aa3e379587061482bcd956daf354c7348ed6a1,rmw_fastrtps_cpp,True,/home/kublab/ros2_ws/reachability_multiscene_smoke_v1_20260824/logs/run_0008_stream_9002_halton_prm_domain_28.log,
9,3,9003,guarded_gng,0,29,guarded_gng,1,800,2,199,199,599,599,0,4143,17,9003,digit_permuted_halton,4000,0.75,800,3613,15,1575.723072,"[""joint1"",""joint2"",""joint3"",""joint4"",""joint5"",""joint6""]",om6dof_scene_catalog_smoke_v1_20260824,4a180640428d0a8197538f4136aa3e379587061482bcd956daf354c7348ed6a1,rmw_fastrtps_cpp,True,/home/kublab/ros2_ws/reachability_multiscene_smoke_v1_20260824/logs/run_0009_stream_9003_guarded_gng_domain_29.log,
10,3,9003,halton_prm,1,30,halton_prm,1,800,2,0,0,0,0,798,829,17,9003,digit_permuted_halton,0,0.0,800,3266,14,1393.927744,"[""joint1"",""joint2"",""joint3"",""joint4"",""joint5"",""joint6""]",om6dof_scene_catalog_smoke_v1_20260824,4a180640428d0a8197538f4136aa3e379587061482bcd956daf354c7348ed6a1,rmw_fastrtps_cpp,True,/home/kublab/ros2_ws/reachability_multiscene_smoke_v1_20260824/logs/run_0010_stream_9003_halton_prm_domain_30.log,
11,3,9003,gng,2,31,gng,1,800,2,798,798,0,0,0,4143,17,9003,digit_permuted_halton,4000,0.0,800,4551,2,1708.493664,"[""joint1"",""joint2"",""joint3"",""joint4"",""joint5"",""joint6""]",om6dof_scene_catalog_smoke_v1_20260824,4a180640428d0a8197538f4136aa3e379587061482bcd956daf354c7348ed6a1,rmw_fastrtps_cpp,True,/home/kublab/ros2_ws/reachability_multiscene_smoke_v1_20260824/logs/run_0011_stream_9003_gng_domain_31.log,
12,4,9004,halton_prm,0,32,halton_prm,1,800,2,0,0,0,0,798,826,17,9004,digit_permuted_halton,0,0.0,800,3222,15,1359.371424,"[""joint1"",""joint2"",""joint3"",""joint4"",""joint5"",""joint6""]",om6dof_scene_catalog_smoke_v1_20260824,4a180640428d0a8197538f4136aa3e379587061482bcd956daf354c7348ed6a1,rmw_fastrtps_cpp,True,/home/kublab/ros2_ws/reachability_multiscene_smoke_v1_20260824/logs/run_0012_stream_9004_halton_prm_domain_32.log,
13,4,9004,gng,1,33,gng,1,800,2,798,798,0,0,0,4142,17,9004,digit_permuted_halton,4000,0.0,800,4577,1,1748.822272,"[""joint1"",""joint2"",""joint3"",""joint4"",""joint5"",""joint6""]",om6dof_scene_catalog_smoke_v1_20260824,4a180640428d0a8197538f4136aa3e379587061482bcd956daf354c7348ed6a1,rmw_fastrtps_cpp,True,/home/kublab/ros2_ws/reachability_multiscene_smoke_v1_20260824/logs/run_0013_stream_9004_gng_domain_33.log,
14,4,9004,guarded_gng,2,34,guarded_gng,1,800,2,199,199,599,599,0,4142,17,9004,digit_permuted_halton,4000,0.75,800,3540,9,1572.376256,"[""joint1"",""joint2"",""joint3"",""joint4"",""joint5"",""joint6""]",om6dof_scene_catalog_smoke_v1_20260824,4a180640428d0a8197538f4136aa3e379587061482bcd956daf354c7348ed6a1,rmw_fastrtps_cpp,True,/home/kublab/ros2_ws/reachability_multiscene_smoke_v1_20260824/logs/run_0014_stream_9004_guarded_gng_domain_34.log,
15,5,9005,halton_prm,0,35,halton_prm,1,800,2,0,0,0,0,798,821,17,9005,digit_permuted_halton,0,0.0,800,3256,5,1374.95376,"[""joint1"",""joint2"",""joint3"",""joint4"",""joint5"",""joint6""]",om6dof_scene_catalog_smoke_v1_20260824,4a180640428d0a8197538f4136aa3e379587061482bcd956daf354c7348ed6a1,rmw_fastrtps_cpp,True,/home/kublab/ros2_ws/reachability_multiscene_smoke_v1_20260824/logs/run_0015_stream_9005_halton_prm_domain_35.log,
16,5,9005,guarded_gng,1,36,guarded_gng,1,800,2,199,199,599,599,0,4124,17,9005,digit_permuted_halton,4000,0.75,800,3607,16,1761.731456,"[""joint1"",""joint2"",""joint3"",""joint4"",""joint5"",""joint6""]",om6dof_scene_catalog_smoke_v1_20260824,4a180640428d0a8197538f4136aa3e379587061482bcd956daf354c7348ed6a1,rmw_fastrtps_cpp,True,/home/kublab/ros2_ws/reachability_multiscene_smoke_v1_20260824/logs/run_0016_stream_9005_guarded_gng_domain_36.log,
17,5,9005,gng,2,37,gng,1,800,2,798,798,0,0,0,4124,17,9005,digit_permuted_halton,4000,0.0,800,4517,1,1724.617856,"[""joint1"",""joint2"",""joint3"",""joint4"",""joint5"",""joint6""]",om6dof_scene_catalog_smoke_v1_20260824,4a180640428d0a8197538f4136aa3e379587061482bcd956daf354c7348ed6a1,rmw_fastrtps_cpp,True,/home/kublab/ros2_ws/reachability_multiscene_smoke_v1_20260824/logs/run_0017_stream_9005_gng_domain_37.log,
